"filename", "language", "TypeScript JSX", "TypeScript", "PostCSS", "JavaScript", "JSON with Comments", "JSON", "Markdown", "HTML", "XML", "MS SQL", "comment", "blank", "total"
"/Users/lucasgaldine/Desktop/AI Agency/LeadSig/remix-of-leadsig-crm/README.md", "Markdown", 0, 0, 0, 0, 0, 0, 45, 0, 0, 0, 0, 29, 74
"/Users/lucasgaldine/Desktop/AI Agency/LeadSig/remix-of-leadsig-crm/components.json", "JSON", 0, 0, 0, 0, 0, 20, 0, 0, 0, 0, 0, 1, 21
"/Users/lucasgaldine/Desktop/AI Agency/LeadSig/remix-of-leadsig-crm/eslint.config.js", "JavaScript", 0, 0, 0, 25, 0, 0, 0, 0, 0, 0, 0, 2, 27
"/Users/lucasgaldine/Desktop/AI Agency/LeadSig/remix-of-leadsig-crm/index.html", "HTML", 0, 0, 0, 0, 0, 0, 0, 41, 0, 0, 2, 6, 49
"/Users/lucasgaldine/Desktop/AI Agency/LeadSig/remix-of-leadsig-crm/package-lock.json", "JSON", 0, 0, 0, 0, 0, 8168, 0, 0, 0, 0, 0, 1, 8169
"/Users/lucasgaldine/Desktop/AI Agency/LeadSig/remix-of-leadsig-crm/package.json", "JSON", 0, 0, 0, 0, 0, 91, 0, 0, 0, 0, 0, 1, 92
"/Users/lucasgaldine/Desktop/AI Agency/LeadSig/remix-of-leadsig-crm/postcss.config.js", "JavaScript", 0, 0, 0, 6, 0, 0, 0, 0, 0, 0, 0, 1, 7
"/Users/lucasgaldine/Desktop/AI Agency/LeadSig/remix-of-leadsig-crm/public/placeholder.svg", "XML", 0, 0, 0, 0, 0, 0, 0, 0, 1, 0, 0, 0, 1
"/Users/lucasgaldine/Desktop/AI Agency/LeadSig/remix-of-leadsig-crm/src/App.css", "PostCSS", 0, 0, 37, 0, 0, 0, 0, 0, 0, 0, 0, 6, 43
"/Users/lucasgaldine/Desktop/AI Agency/LeadSig/remix-of-leadsig-crm/src/App.tsx", "TypeScript JSX", 127, 0, 0, 0, 0, 0, 0, 0, 0, 0, 0, 7, 134
"/Users/lucasgaldine/Desktop/AI Agency/LeadSig/remix-of-leadsig-crm/src/components/NavLink.tsx", "TypeScript JSX", 24, 0, 0, 0, 0, 0, 0, 0, 0, 0, 0, 5, 29
"/Users/lucasgaldine/Desktop/AI Agency/LeadSig/remix-of-leadsig-crm/src/components/auth/EmailVerificationBanner.tsx", "TypeScript JSX", 83, 0, 0, 0, 0, 0, 0, 0, 0, 0, 2, 9, 94
"/Users/lucasgaldine/Desktop/AI Agency/LeadSig/remix-of-leadsig-crm/src/components/auth/ForgotPasswordDialog.tsx", "TypeScript JSX", 142, 0, 0, 0, 0, 0, 0, 0, 0, 0, 1, 13, 156
"/Users/lucasgaldine/Desktop/AI Agency/LeadSig/remix-of-leadsig-crm/src/components/auth/PasswordStrengthIndicator.tsx", "TypeScript JSX", 93, 0, 0, 0, 0, 0, 0, 0, 0, 0, 2, 7, 102
"/Users/lucasgaldine/Desktop/AI Agency/LeadSig/remix-of-leadsig-crm/src/components/auth/ProtectedRoute.tsx", "TypeScript JSX", 29, 0, 0, 0, 0, 0, 0, 0, 0, 0, 2, 8, 39
"/Users/lucasgaldine/Desktop/AI Agency/LeadSig/remix-of-leadsig-crm/src/components/auth/TwoFactorSetup.tsx", "TypeScript JSX", 330, 0, 0, 0, 0, 0, 0, 0, 0, 0, 6, 30, 366
"/Users/lucasgaldine/Desktop/AI Agency/LeadSig/remix-of-leadsig-crm/src/components/client-portal/ClientPortalActivity.tsx", "TypeScript JSX", 62, 0, 0, 0, 0, 0, 0, 0, 0, 0, 0, 7, 69
"/Users/lucasgaldine/Desktop/AI Agency/LeadSig/remix-of-leadsig-crm/src/components/client-portal/ClientPortalEstimate.tsx", "TypeScript JSX", 266, 0, 0, 0, 0, 0, 0, 0, 0, 0, 0, 15, 281
"/Users/lucasgaldine/Desktop/AI Agency/LeadSig/remix-of-leadsig-crm/src/components/client-portal/ClientPortalHeader.tsx", "TypeScript JSX", 92, 0, 0, 0, 0, 0, 0, 0, 0, 0, 0, 4, 96
"/Users/lucasgaldine/Desktop/AI Agency/LeadSig/remix-of-leadsig-crm/src/components/client-portal/ClientPortalPhotos.tsx", "TypeScript JSX", 101, 0, 0, 0, 0, 0, 0, 0, 0, 0, 0, 8, 109
"/Users/lucasgaldine/Desktop/AI Agency/LeadSig/remix-of-leadsig-crm/src/components/client-portal/ClientPortalSchedule.tsx", "TypeScript JSX", 85, 0, 0, 0, 0, 0, 0, 0, 0, 0, 0, 8, 93
"/Users/lucasgaldine/Desktop/AI Agency/LeadSig/remix-of-leadsig-crm/src/components/clients/ClientSelector.tsx", "TypeScript JSX", 264, 0, 0, 0, 0, 0, 0, 0, 0, 0, 0, 12, 276
"/Users/lucasgaldine/Desktop/AI Agency/LeadSig/remix-of-leadsig-crm/src/components/dashboard/DashboardStatCards.tsx", "TypeScript JSX", 91, 0, 0, 0, 0, 0, 0, 0, 0, 0, 0, 9, 100
"/Users/lucasgaldine/Desktop/AI Agency/LeadSig/remix-of-leadsig-crm/src/components/dashboard/SectionHeader.tsx", "TypeScript JSX", 34, 0, 0, 0, 0, 0, 0, 0, 0, 0, 0, 3, 37
"/Users/lucasgaldine/Desktop/AI Agency/LeadSig/remix-of-leadsig-crm/src/components/dashboard/StatCard.tsx", "TypeScript JSX", 36, 0, 0, 0, 0, 0, 0, 0, 0, 0, 0, 3, 39
"/Users/lucasgaldine/Desktop/AI Agency/LeadSig/remix-of-leadsig-crm/src/components/features/FeaturePlaceholder.tsx", "TypeScript JSX", 153, 0, 0, 0, 0, 0, 0, 0, 0, 0, 6, 14, 173
"/Users/lucasgaldine/Desktop/AI Agency/LeadSig/remix-of-leadsig-crm/src/components/features/PlanGate.tsx", "TypeScript JSX", 88, 0, 0, 0, 0, 0, 0, 0, 0, 0, 0, 10, 98
"/Users/lucasgaldine/Desktop/AI Agency/LeadSig/remix-of-leadsig-crm/src/components/jobs/AddJobDialog.tsx", "TypeScript JSX", 226, 0, 0, 0, 0, 0, 0, 0, 0, 0, 3, 25, 254
"/Users/lucasgaldine/Desktop/AI Agency/LeadSig/remix-of-leadsig-crm/src/components/jobs/ClientShareLink.tsx", "TypeScript JSX", 122, 0, 0, 0, 0, 0, 0, 0, 0, 0, 0, 10, 132
"/Users/lucasgaldine/Desktop/AI Agency/LeadSig/remix-of-leadsig-crm/src/components/jobs/CreateJobDialog.tsx", "TypeScript JSX", 531, 0, 0, 0, 0, 0, 0, 0, 0, 0, 0, 50, 581
"/Users/lucasgaldine/Desktop/AI Agency/LeadSig/remix-of-leadsig-crm/src/components/jobs/EditJobScheduleDialog.tsx", "TypeScript JSX", 288, 0, 0, 0, 0, 0, 0, 0, 0, 0, 0, 25, 313
"/Users/lucasgaldine/Desktop/AI Agency/LeadSig/remix-of-leadsig-crm/src/components/jobs/JobAssignments.tsx", "TypeScript JSX", 369, 0, 0, 0, 0, 0, 0, 0, 0, 0, 0, 25, 394
"/Users/lucasgaldine/Desktop/AI Agency/LeadSig/remix-of-leadsig-crm/src/components/jobs/JobCard.tsx", "TypeScript JSX", 151, 0, 0, 0, 0, 0, 0, 0, 0, 0, 0, 20, 171
"/Users/lucasgaldine/Desktop/AI Agency/LeadSig/remix-of-leadsig-crm/src/components/jobs/JobChecklist.tsx", "TypeScript JSX", 306, 0, 0, 0, 0, 0, 0, 0, 0, 0, 0, 21, 327
"/Users/lucasgaldine/Desktop/AI Agency/LeadSig/remix-of-leadsig-crm/src/components/jobs/MakeRecurringDialog.tsx", "TypeScript JSX", 269, 0, 0, 0, 0, 0, 0, 0, 0, 0, 0, 23, 292
"/Users/lucasgaldine/Desktop/AI Agency/LeadSig/remix-of-leadsig-crm/src/components/jobs/RecurringJobDetailModal.tsx", "TypeScript JSX", 289, 0, 0, 0, 0, 0, 0, 0, 0, 0, 0, 22, 311
"/Users/lucasgaldine/Desktop/AI Agency/LeadSig/remix-of-leadsig-crm/src/components/layout/FloatingActionButton.tsx", "TypeScript JSX", 150, 0, 0, 0, 0, 0, 0, 0, 0, 0, 9, 16, 175
"/Users/lucasgaldine/Desktop/AI Agency/LeadSig/remix-of-leadsig-crm/src/components/layout/ListPageFilters.tsx", "TypeScript JSX", 77, 0, 0, 0, 0, 0, 0, 0, 0, 0, 0, 8, 85
"/Users/lucasgaldine/Desktop/AI Agency/LeadSig/remix-of-leadsig-crm/src/components/layout/MobileNav.tsx", "TypeScript JSX", 76, 0, 0, 0, 0, 0, 0, 0, 0, 0, 3, 9, 88
"/Users/lucasgaldine/Desktop/AI Agency/LeadSig/remix-of-leadsig-crm/src/components/layout/PageHeader.tsx", "TypeScript JSX", 86, 0, 0, 0, 0, 0, 0, 0, 0, 0, 0, 8, 94
"/Users/lucasgaldine/Desktop/AI Agency/LeadSig/remix-of-leadsig-crm/src/components/layout/UserMenu.tsx", "TypeScript JSX", 93, 0, 0, 0, 0, 0, 0, 0, 0, 0, 0, 8, 101
"/Users/lucasgaldine/Desktop/AI Agency/LeadSig/remix-of-leadsig-crm/src/components/leads/AddLeadDialog.tsx", "TypeScript JSX", 238, 0, 0, 0, 0, 0, 0, 0, 0, 0, 0, 29, 267
"/Users/lucasgaldine/Desktop/AI Agency/LeadSig/remix-of-leadsig-crm/src/components/leads/CSVImportModal.tsx", "TypeScript JSX", 346, 0, 0, 0, 0, 0, 0, 0, 0, 0, 0, 45, 391
"/Users/lucasgaldine/Desktop/AI Agency/LeadSig/remix-of-leadsig-crm/src/components/leads/CreateDraftEstimateDialog.tsx", "TypeScript JSX", 254, 0, 0, 0, 0, 0, 0, 0, 0, 0, 0, 29, 283
"/Users/lucasgaldine/Desktop/AI Agency/LeadSig/remix-of-leadsig-crm/src/components/leads/CreateEstimateDialog.tsx", "TypeScript JSX", 443, 0, 0, 0, 0, 0, 0, 0, 0, 0, 0, 52, 495
"/Users/lucasgaldine/Desktop/AI Agency/LeadSig/remix-of-leadsig-crm/src/components/leads/LeadCard.tsx", "TypeScript JSX", 230, 0, 0, 0, 0, 0, 0, 0, 0, 0, 0, 14, 244
"/Users/lucasgaldine/Desktop/AI Agency/LeadSig/remix-of-leadsig-crm/src/components/leads/LineItemsEstimateDialog.tsx", "TypeScript JSX", 320, 0, 0, 0, 0, 0, 0, 0, 0, 0, 0, 43, 363
"/Users/lucasgaldine/Desktop/AI Agency/LeadSig/remix-of-leadsig-crm/src/components/leads/QuickEstimatePanel.tsx", "TypeScript JSX", 304, 0, 0, 0, 0, 0, 0, 0, 0, 0, 3, 31, 338
"/Users/lucasgaldine/Desktop/AI Agency/LeadSig/remix-of-leadsig-crm/src/components/materials/MaterialListCard.tsx", "TypeScript JSX", 60, 0, 0, 0, 0, 0, 0, 0, 0, 0, 0, 6, 66
"/Users/lucasgaldine/Desktop/AI Agency/LeadSig/remix-of-leadsig-crm/src/components/materials/SupplyOrderCard.tsx", "TypeScript JSX", 56, 0, 0, 0, 0, 0, 0, 0, 0, 0, 0, 5, 61
"/Users/lucasgaldine/Desktop/AI Agency/LeadSig/remix-of-leadsig-crm/src/components/notifications/NotificationsPanel.tsx", "TypeScript JSX", 156, 0, 0, 0, 0, 0, 0, 0, 0, 0, 0, 11, 167
"/Users/lucasgaldine/Desktop/AI Agency/LeadSig/remix-of-leadsig-crm/src/components/payments/EstimateCard.tsx", "TypeScript JSX", 71, 0, 0, 0, 0, 0, 0, 0, 0, 0, 0, 5, 76
"/Users/lucasgaldine/Desktop/AI Agency/LeadSig/remix-of-leadsig-crm/src/components/payments/InvoiceCard.tsx", "TypeScript JSX", 58, 0, 0, 0, 0, 0, 0, 0, 0, 0, 0, 5, 63
"/Users/lucasgaldine/Desktop/AI Agency/LeadSig/remix-of-leadsig-crm/src/components/payments/OtherPaymentOptionsModal.tsx", "TypeScript JSX", 163, 0, 0, 0, 0, 0, 0, 0, 0, 0, 0, 12, 175
"/Users/lucasgaldine/Desktop/AI Agency/LeadSig/remix-of-leadsig-crm/src/components/payments/PaymentCard.tsx", "TypeScript JSX", 63, 0, 0, 0, 0, 0, 0, 0, 0, 0, 0, 8, 71
"/Users/lucasgaldine/Desktop/AI Agency/LeadSig/remix-of-leadsig-crm/src/components/photos/AddPhotosModal.tsx", "TypeScript JSX", 164, 0, 0, 0, 0, 0, 0, 0, 0, 0, 0, 18, 182
"/Users/lucasgaldine/Desktop/AI Agency/LeadSig/remix-of-leadsig-crm/src/components/photos/PhotoSection.tsx", "TypeScript JSX", 195, 0, 0, 0, 0, 0, 0, 0, 0, 0, 0, 13, 208
"/Users/lucasgaldine/Desktop/AI Agency/LeadSig/remix-of-leadsig-crm/src/components/settings/StickyActionBar.tsx", "TypeScript JSX", 29, 0, 0, 0, 0, 0, 0, 0, 0, 0, 0, 3, 32
"/Users/lucasgaldine/Desktop/AI Agency/LeadSig/remix-of-leadsig-crm/src/components/settings/StripeConnectSettings.tsx", "TypeScript JSX", 197, 0, 0, 0, 0, 0, 0, 0, 0, 0, 0, 14, 211
"/Users/lucasgaldine/Desktop/AI Agency/LeadSig/remix-of-leadsig-crm/src/components/settings/UnsavedChangesDialog.tsx", "TypeScript JSX", 38, 0, 0, 0, 0, 0, 0, 0, 0, 0, 0, 4, 42
"/Users/lucasgaldine/Desktop/AI Agency/LeadSig/remix-of-leadsig-crm/src/components/ui/accordion.tsx", "TypeScript JSX", 45, 0, 0, 0, 0, 0, 0, 0, 0, 0, 0, 8, 53
"/Users/lucasgaldine/Desktop/AI Agency/LeadSig/remix-of-leadsig-crm/src/components/ui/alert-dialog.tsx", "TypeScript JSX", 91, 0, 0, 0, 0, 0, 0, 0, 0, 0, 0, 14, 105
"/Users/lucasgaldine/Desktop/AI Agency/LeadSig/remix-of-leadsig-crm/src/components/ui/alert.tsx", "TypeScript JSX", 37, 0, 0, 0, 0, 0, 0, 0, 0, 0, 0, 7, 44
"/Users/lucasgaldine/Desktop/AI Agency/LeadSig/remix-of-leadsig-crm/src/components/ui/aspect-ratio.tsx", "TypeScript JSX", 3, 0, 0, 0, 0, 0, 0, 0, 0, 0, 0, 3, 6
"/Users/lucasgaldine/Desktop/AI Agency/LeadSig/remix-of-leadsig-crm/src/components/ui/avatar.tsx", "TypeScript JSX", 33, 0, 0, 0, 0, 0, 0, 0, 0, 0, 0, 6, 39
"/Users/lucasgaldine/Desktop/AI Agency/LeadSig/remix-of-leadsig-crm/src/components/ui/badge.tsx", "TypeScript JSX", 24, 0, 0, 0, 0, 0, 0, 0, 0, 0, 0, 6, 30
"/Users/lucasgaldine/Desktop/AI Agency/LeadSig/remix-of-leadsig-crm/src/components/ui/breadcrumb.tsx", "TypeScript JSX", 80, 0, 0, 0, 0, 0, 0, 0, 0, 0, 0, 11, 91
"/Users/lucasgaldine/Desktop/AI Agency/LeadSig/remix-of-leadsig-crm/src/components/ui/button.tsx", "TypeScript JSX", 42, 0, 0, 0, 0, 0, 0, 0, 0, 0, 0, 6, 48
"/Users/lucasgaldine/Desktop/AI Agency/LeadSig/remix-of-leadsig-crm/src/components/ui/calendar.tsx", "TypeScript JSX", 50, 0, 0, 0, 0, 0, 0, 0, 0, 0, 0, 5, 55
"/Users/lucasgaldine/Desktop/AI Agency/LeadSig/remix-of-leadsig-crm/src/components/ui/card.tsx", "TypeScript JSX", 35, 0, 0, 0, 0, 0, 0, 0, 0, 0, 0, 9, 44
"/Users/lucasgaldine/Desktop/AI Agency/LeadSig/remix-of-leadsig-crm/src/components/ui/carousel.tsx", "TypeScript JSX", 195, 0, 0, 0, 0, 0, 0, 0, 0, 0, 0, 30, 225
"/Users/lucasgaldine/Desktop/AI Agency/LeadSig/remix-of-leadsig-crm/src/components/ui/chart.tsx", "TypeScript JSX", 270, 0, 0, 0, 0, 0, 0, 0, 0, 0, 2, 32, 304
"/Users/lucasgaldine/Desktop/AI Agency/LeadSig/remix-of-leadsig-crm/src/components/ui/checkbox.tsx", "TypeScript JSX", 23, 0, 0, 0, 0, 0, 0, 0, 0, 0, 0, 4, 27
"/Users/lucasgaldine/Desktop/AI Agency/LeadSig/remix-of-leadsig-crm/src/components/ui/collapsible.tsx", "TypeScript JSX", 5, 0, 0, 0, 0, 0, 0, 0, 0, 0, 0, 5, 10
"/Users/lucasgaldine/Desktop/AI Agency/LeadSig/remix-of-leadsig-crm/src/components/ui/command.tsx", "TypeScript JSX", 115, 0, 0, 0, 0, 0, 0, 0, 0, 0, 0, 18, 133
"/Users/lucasgaldine/Desktop/AI Agency/LeadSig/remix-of-leadsig-crm/src/components/ui/context-menu.tsx", "TypeScript JSX", 161, 0, 0, 0, 0, 0, 0, 0, 0, 0, 0, 18, 179
"/Users/lucasgaldine/Desktop/AI Agency/LeadSig/remix-of-leadsig-crm/src/components/ui/dialog.tsx", "TypeScript JSX", 83, 0, 0, 0, 0, 0, 0, 0, 0, 0, 0, 13, 96
"/Users/lucasgaldine/Desktop/AI Agency/LeadSig/remix-of-leadsig-crm/src/components/ui/drawer.tsx", "TypeScript JSX", 75, 0, 0, 0, 0, 0, 0, 0, 0, 0, 0, 13, 88
"/Users/lucasgaldine/Desktop/AI Agency/LeadSig/remix-of-leadsig-crm/src/components/ui/dropdown-menu.tsx", "TypeScript JSX", 162, 0, 0, 0, 0, 0, 0, 0, 0, 0, 0, 18, 180
"/Users/lucasgaldine/Desktop/AI Agency/LeadSig/remix-of-leadsig-crm/src/components/ui/form.tsx", "TypeScript JSX", 105, 0, 0, 0, 0, 0, 0, 0, 0, 0, 0, 25, 130
"/Users/lucasgaldine/Desktop/AI Agency/LeadSig/remix-of-leadsig-crm/src/components/ui/hover-card.tsx", "TypeScript JSX", 22, 0, 0, 0, 0, 0, 0, 0, 0, 0, 0, 6, 28
"/Users/lucasgaldine/Desktop/AI Agency/LeadSig/remix-of-leadsig-crm/src/components/ui/input-otp.tsx", "TypeScript JSX", 54, 0, 0, 0, 0, 0, 0, 0, 0, 0, 0, 8, 62
"/Users/lucasgaldine/Desktop/AI Agency/LeadSig/remix-of-leadsig-crm/src/components/ui/input.tsx", "TypeScript JSX", 20, 0, 0, 0, 0, 0, 0, 0, 0, 0, 0, 4, 24
"/Users/lucasgaldine/Desktop/AI Agency/LeadSig/remix-of-leadsig-crm/src/components/ui/label.tsx", "TypeScript JSX", 13, 0, 0, 0, 0, 0, 0, 0, 0, 0, 0, 5, 18
"/Users/lucasgaldine/Desktop/AI Agency/LeadSig/remix-of-leadsig-crm/src/components/ui/menubar.tsx", "TypeScript JSX", 189, 0, 0, 0, 0, 0, 0, 0, 0, 0, 0, 19, 208
"/Users/lucasgaldine/Desktop/AI Agency/LeadSig/remix-of-leadsig-crm/src/components/ui/navigation-menu.tsx", "TypeScript JSX", 109, 0, 0, 0, 0, 0, 0, 0, 0, 0, 0, 12, 121
"/Users/lucasgaldine/Desktop/AI Agency/LeadSig/remix-of-leadsig-crm/src/components/ui/pagination.tsx", "TypeScript JSX", 71, 0, 0, 0, 0, 0, 0, 0, 0, 0, 0, 11, 82
"/Users/lucasgaldine/Desktop/AI Agency/LeadSig/remix-of-leadsig-crm/src/components/ui/popover.tsx", "TypeScript JSX", 24, 0, 0, 0, 0, 0, 0, 0, 0, 0, 0, 6, 30
"/Users/lucasgaldine/Desktop/AI Agency/LeadSig/remix-of-leadsig-crm/src/components/ui/progress.tsx", "TypeScript JSX", 20, 0, 0, 0, 0, 0, 0, 0, 0, 0, 0, 4, 24
"/Users/lucasgaldine/Desktop/AI Agency/LeadSig/remix-of-leadsig-crm/src/components/ui/radio-group.tsx", "TypeScript JSX", 32, 0, 0, 0, 0, 0, 0, 0, 0, 0, 0, 5, 37
"/Users/lucasgaldine/Desktop/AI Agency/LeadSig/remix-of-leadsig-crm/src/components/ui/resizable.tsx", "TypeScript JSX", 32, 0, 0, 0, 0, 0, 0, 0, 0, 0, 0, 6, 38
"/Users/lucasgaldine/Desktop/AI Agency/LeadSig/remix-of-leadsig-crm/src/components/ui/scroll-area.tsx", "TypeScript JSX", 34, 0, 0, 0, 0, 0, 0, 0, 0, 0, 0, 5, 39
"/Users/lucasgaldine/Desktop/AI Agency/LeadSig/remix-of-leadsig-crm/src/components/ui/select.tsx", "TypeScript JSX", 130, 0, 0, 0, 0, 0, 0, 0, 0, 0, 0, 14, 144
"/Users/lucasgaldine/Desktop/AI Agency/LeadSig/remix-of-leadsig-crm/src/components/ui/separator.tsx", "TypeScript JSX", 17, 0, 0, 0, 0, 0, 0, 0, 0, 0, 0, 4, 21
"/Users/lucasgaldine/Desktop/AI Agency/LeadSig/remix-of-leadsig-crm/src/components/ui/sheet.tsx", "TypeScript JSX", 93, 0, 0, 0, 0, 0, 0, 0, 0, 0, 0, 15, 108
"/Users/lucasgaldine/Desktop/AI Agency/LeadSig/remix-of-leadsig-crm/src/components/ui/sidebar.tsx", "TypeScript JSX", 572, 0, 0, 0, 0, 0, 0, 0, 0, 0, 12, 54, 638
"/Users/lucasgaldine/Desktop/AI Agency/LeadSig/remix-of-leadsig-crm/src/components/ui/skeleton.tsx", "TypeScript JSX", 5, 0, 0, 0, 0, 0, 0, 0, 0, 0, 0, 3, 8
"/Users/lucasgaldine/Desktop/AI Agency/LeadSig/remix-of-leadsig-crm/src/components/ui/slider.tsx", "TypeScript JSX", 20, 0, 0, 0, 0, 0, 0, 0, 0, 0, 0, 4, 24
"/Users/lucasgaldine/Desktop/AI Agency/LeadSig/remix-of-leadsig-crm/src/components/ui/sonner.tsx", "TypeScript JSX", 23, 0, 0, 0, 0, 0, 0, 0, 0, 0, 0, 5, 28
"/Users/lucasgaldine/Desktop/AI Agency/LeadSig/remix-of-leadsig-crm/src/components/ui/status-badge.tsx", "TypeScript JSX", 71, 0, 0, 0, 0, 0, 0, 0, 0, 0, 0, 4, 75
"/Users/lucasgaldine/Desktop/AI Agency/LeadSig/remix-of-leadsig-crm/src/components/ui/switch.tsx", "TypeScript JSX", 24, 0, 0, 0, 0, 0, 0, 0, 0, 0, 0, 4, 28
"/Users/lucasgaldine/Desktop/AI Agency/LeadSig/remix-of-leadsig-crm/src/components/ui/table.tsx", "TypeScript JSX", 62, 0, 0, 0, 0, 0, 0, 0, 0, 0, 0, 11, 73
"/Users/lucasgaldine/Desktop/AI Agency/LeadSig/remix-of-leadsig-crm/src/components/ui/tabs.tsx", "TypeScript JSX", 47, 0, 0, 0, 0, 0, 0, 0, 0, 0, 0, 7, 54
"/Users/lucasgaldine/Desktop/AI Agency/LeadSig/remix-of-leadsig-crm/src/components/ui/textarea.tsx", "TypeScript JSX", 17, 0, 0, 0, 0, 0, 0, 0, 0, 0, 0, 5, 22
"/Users/lucasgaldine/Desktop/AI Agency/LeadSig/remix-of-leadsig-crm/src/components/ui/toast.tsx", "TypeScript JSX", 99, 0, 0, 0, 0, 0, 0, 0, 0, 0, 0, 13, 112
"/Users/lucasgaldine/Desktop/AI Agency/LeadSig/remix-of-leadsig-crm/src/components/ui/toaster.tsx", "TypeScript JSX", 22, 0, 0, 0, 0, 0, 0, 0, 0, 0, 0, 3, 25
"/Users/lucasgaldine/Desktop/AI Agency/LeadSig/remix-of-leadsig-crm/src/components/ui/toggle-group.tsx", "TypeScript JSX", 41, 0, 0, 0, 0, 0, 0, 0, 0, 0, 0, 9, 50
"/Users/lucasgaldine/Desktop/AI Agency/LeadSig/remix-of-leadsig-crm/src/components/ui/toggle.tsx", "TypeScript JSX", 32, 0, 0, 0, 0, 0, 0, 0, 0, 0, 0, 6, 38
"/Users/lucasgaldine/Desktop/AI Agency/LeadSig/remix-of-leadsig-crm/src/components/ui/tooltip.tsx", "TypeScript JSX", 22, 0, 0, 0, 0, 0, 0, 0, 0, 0, 0, 7, 29
"/Users/lucasgaldine/Desktop/AI Agency/LeadSig/remix-of-leadsig-crm/src/components/ui/use-toast.ts", "TypeScript", 0, 2, 0, 0, 0, 0, 0, 0, 0, 0, 0, 2, 4
"/Users/lucasgaldine/Desktop/AI Agency/LeadSig/remix-of-leadsig-crm/src/constants/dashboardCards.ts", "TypeScript", 0, 155, 0, 0, 0, 0, 0, 0, 0, 0, 0, 8, 163
"/Users/lucasgaldine/Desktop/AI Agency/LeadSig/remix-of-leadsig-crm/src/constants/serviceTypes.ts", "TypeScript", 0, 12, 0, 0, 0, 0, 0, 0, 0, 0, 0, 3, 15
"/Users/lucasgaldine/Desktop/AI Agency/LeadSig/remix-of-leadsig-crm/src/hooks/use-mobile.tsx", "TypeScript JSX", 15, 0, 0, 0, 0, 0, 0, 0, 0, 0, 0, 5, 20
"/Users/lucasgaldine/Desktop/AI Agency/LeadSig/remix-of-leadsig-crm/src/hooks/use-toast.ts", "TypeScript", 0, 154, 0, 0, 0, 0, 0, 0, 0, 0, 2, 31, 187
"/Users/lucasgaldine/Desktop/AI Agency/LeadSig/remix-of-leadsig-crm/src/hooks/useAccountSettings.ts", "TypeScript", 0, 61, 0, 0, 0, 0, 0, 0, 0, 0, 1, 10, 72
"/Users/lucasgaldine/Desktop/AI Agency/LeadSig/remix-of-leadsig-crm/src/hooks/useAuth.tsx", "TypeScript JSX", 263, 0, 0, 0, 0, 0, 0, 0, 0, 0, 3, 40, 306
"/Users/lucasgaldine/Desktop/AI Agency/LeadSig/remix-of-leadsig-crm/src/hooks/useBusinessHours.ts", "TypeScript", 0, 75, 0, 0, 0, 0, 0, 0, 0, 0, 0, 10, 85
"/Users/lucasgaldine/Desktop/AI Agency/LeadSig/remix-of-leadsig-crm/src/hooks/useCustomers.ts", "TypeScript", 0, 72, 0, 0, 0, 0, 0, 0, 0, 0, 0, 12, 84
"/Users/lucasgaldine/Desktop/AI Agency/LeadSig/remix-of-leadsig-crm/src/hooks/useDashboardLeads.ts", "TypeScript", 0, 90, 0, 0, 0, 0, 0, 0, 0, 0, 0, 16, 106
"/Users/lucasgaldine/Desktop/AI Agency/LeadSig/remix-of-leadsig-crm/src/hooks/useDashboardPreferences.ts", "TypeScript", 0, 58, 0, 0, 0, 0, 0, 0, 0, 0, 0, 14, 72
"/Users/lucasgaldine/Desktop/AI Agency/LeadSig/remix-of-leadsig-crm/src/hooks/useDashboardStats.ts", "TypeScript", 0, 192, 0, 0, 0, 0, 0, 0, 0, 0, 0, 27, 219
"/Users/lucasgaldine/Desktop/AI Agency/LeadSig/remix-of-leadsig-crm/src/hooks/useDaysOff.ts", "TypeScript", 0, 110, 0, 0, 0, 0, 0, 0, 0, 0, 0, 15, 125
"/Users/lucasgaldine/Desktop/AI Agency/LeadSig/remix-of-leadsig-crm/src/hooks/useEstimates.ts", "TypeScript", 0, 175, 0, 0, 0, 0, 0, 0, 0, 0, 0, 23, 198
"/Users/lucasgaldine/Desktop/AI Agency/LeadSig/remix-of-leadsig-crm/src/hooks/useInvoices.ts", "TypeScript", 0, 135, 0, 0, 0, 0, 0, 0, 0, 0, 0, 20, 155
"/Users/lucasgaldine/Desktop/AI Agency/LeadSig/remix-of-leadsig-crm/src/hooks/useJobAssignments.ts", "TypeScript", 0, 191, 0, 0, 0, 0, 0, 0, 0, 0, 0, 37, 228
"/Users/lucasgaldine/Desktop/AI Agency/LeadSig/remix-of-leadsig-crm/src/hooks/useJobChecklist.ts", "TypeScript", 0, 94, 0, 0, 0, 0, 0, 0, 0, 0, 0, 16, 110
"/Users/lucasgaldine/Desktop/AI Agency/LeadSig/remix-of-leadsig-crm/src/hooks/useJobSchedules.ts", "TypeScript", 0, 190, 0, 0, 0, 0, 0, 0, 0, 0, 3, 34, 227
"/Users/lucasgaldine/Desktop/AI Agency/LeadSig/remix-of-leadsig-crm/src/hooks/useJobs.ts", "TypeScript", 0, 427, 0, 0, 0, 0, 0, 0, 0, 0, 0, 75, 502
"/Users/lucasgaldine/Desktop/AI Agency/LeadSig/remix-of-leadsig-crm/src/hooks/useLeadPhotos.ts", "TypeScript", 0, 141, 0, 0, 0, 0, 0, 0, 0, 0, 0, 27, 168
"/Users/lucasgaldine/Desktop/AI Agency/LeadSig/remix-of-leadsig-crm/src/hooks/useLeads.ts", "TypeScript", 0, 242, 0, 0, 0, 0, 0, 0, 0, 0, 4, 42, 288
"/Users/lucasgaldine/Desktop/AI Agency/LeadSig/remix-of-leadsig-crm/src/hooks/useNotifications.ts", "TypeScript", 0, 85, 0, 0, 0, 0, 0, 0, 0, 0, 0, 10, 95
"/Users/lucasgaldine/Desktop/AI Agency/LeadSig/remix-of-leadsig-crm/src/hooks/usePasswordStrength.ts", "TypeScript", 0, 89, 0, 0, 0, 0, 0, 0, 0, 0, 6, 13, 108
"/Users/lucasgaldine/Desktop/AI Agency/LeadSig/remix-of-leadsig-crm/src/hooks/usePayments.ts", "TypeScript", 0, 115, 0, 0, 0, 0, 0, 0, 0, 0, 0, 20, 135
"/Users/lucasgaldine/Desktop/AI Agency/LeadSig/remix-of-leadsig-crm/src/hooks/usePendingLeads.ts", "TypeScript", 0, 212, 0, 0, 0, 0, 0, 0, 0, 0, 8, 37, 257
"/Users/lucasgaldine/Desktop/AI Agency/LeadSig/remix-of-leadsig-crm/src/hooks/useProjectedRecurringDates.ts", "TypeScript", 0, 178, 0, 0, 0, 0, 0, 0, 0, 0, 0, 32, 210
"/Users/lucasgaldine/Desktop/AI Agency/LeadSig/remix-of-leadsig-crm/src/hooks/useQuickEstimate.ts", "TypeScript", 0, 229, 0, 0, 0, 0, 0, 0, 0, 0, 15, 38, 282
"/Users/lucasgaldine/Desktop/AI Agency/LeadSig/remix-of-leadsig-crm/src/hooks/useRecurringJobs.ts", "TypeScript", 0, 519, 0, 0, 0, 0, 0, 0, 0, 0, 0, 84, 603
"/Users/lucasgaldine/Desktop/AI Agency/LeadSig/remix-of-leadsig-crm/src/hooks/useRejectedLeads.ts", "TypeScript", 0, 145, 0, 0, 0, 0, 0, 0, 0, 0, 4, 26, 175
"/Users/lucasgaldine/Desktop/AI Agency/LeadSig/remix-of-leadsig-crm/src/hooks/useScheduleJob.ts", "TypeScript", 0, 47, 0, 0, 0, 0, 0, 0, 0, 0, 4, 7, 58
"/Users/lucasgaldine/Desktop/AI Agency/LeadSig/remix-of-leadsig-crm/src/hooks/useScheduledJobs.ts", "TypeScript", 0, 55, 0, 0, 0, 0, 0, 0, 0, 0, 0, 10, 65
"/Users/lucasgaldine/Desktop/AI Agency/LeadSig/remix-of-leadsig-crm/src/hooks/useSmsLogs.ts", "TypeScript", 0, 35, 0, 0, 0, 0, 0, 0, 0, 0, 0, 8, 43
"/Users/lucasgaldine/Desktop/AI Agency/LeadSig/remix-of-leadsig-crm/src/hooks/useStripeConnect.ts", "TypeScript", 0, 153, 0, 0, 0, 0, 0, 0, 0, 0, 2, 22, 177
"/Users/lucasgaldine/Desktop/AI Agency/LeadSig/remix-of-leadsig-crm/src/hooks/useUnsavedChanges.ts", "TypeScript", 0, 7, 0, 0, 0, 0, 0, 0, 0, 0, 0, 2, 9
"/Users/lucasgaldine/Desktop/AI Agency/LeadSig/remix-of-leadsig-crm/src/index.css", "PostCSS", 0, 0, 171, 0, 0, 0, 0, 0, 0, 0, 11, 50, 232
"/Users/lucasgaldine/Desktop/AI Agency/LeadSig/remix-of-leadsig-crm/src/integrations/supabase/client.ts", "TypeScript", 0, 14, 0, 0, 0, 0, 0, 0, 0, 0, 0, 3, 17
"/Users/lucasgaldine/Desktop/AI Agency/LeadSig/remix-of-leadsig-crm/src/integrations/supabase/types.ts", "TypeScript", 0, 0, 0, 0, 0, 0, 0, 0, 0, 0, 0, 1, 1
"/Users/lucasgaldine/Desktop/AI Agency/LeadSig/remix-of-leadsig-crm/src/lib/businessHours.ts", "TypeScript", 0, 44, 0, 0, 0, 0, 0, 0, 0, 0, 0, 17, 61
"/Users/lucasgaldine/Desktop/AI Agency/LeadSig/remix-of-leadsig-crm/src/lib/csvParser.ts", "TypeScript", 0, 117, 0, 0, 0, 0, 0, 0, 0, 0, 0, 15, 132
"/Users/lucasgaldine/Desktop/AI Agency/LeadSig/remix-of-leadsig-crm/src/lib/facebookSdk.ts", "TypeScript", 0, 96, 0, 0, 0, 0, 0, 0, 0, 0, 0, 14, 110
"/Users/lucasgaldine/Desktop/AI Agency/LeadSig/remix-of-leadsig-crm/src/lib/pdfGenerator.ts", "TypeScript", 0, 165, 0, 0, 0, 0, 0, 0, 0, 0, 0, 41, 206
"/Users/lucasgaldine/Desktop/AI Agency/LeadSig/remix-of-leadsig-crm/src/lib/planGating.ts", "TypeScript", 0, 14, 0, 0, 0, 0, 0, 0, 0, 0, 0, 4, 18
"/Users/lucasgaldine/Desktop/AI Agency/LeadSig/remix-of-leadsig-crm/src/lib/utils.ts", "TypeScript", 0, 5, 0, 0, 0, 0, 0, 0, 0, 0, 0, 2, 7
"/Users/lucasgaldine/Desktop/AI Agency/LeadSig/remix-of-leadsig-crm/src/main.tsx", "TypeScript JSX", 9, 0, 0, 0, 0, 0, 0, 0, 0, 0, 0, 1, 10
"/Users/lucasgaldine/Desktop/AI Agency/LeadSig/remix-of-leadsig-crm/src/pages/ApiKeys.tsx", "TypeScript JSX", 360, 0, 0, 0, 0, 0, 0, 0, 0, 0, 9, 34, 403
"/Users/lucasgaldine/Desktop/AI Agency/LeadSig/remix-of-leadsig-crm/src/pages/Auth.tsx", "TypeScript JSX", 437, 0, 0, 0, 0, 0, 0, 0, 0, 0, 3, 35, 475
"/Users/lucasgaldine/Desktop/AI Agency/LeadSig/remix-of-leadsig-crm/src/pages/ChargePayment.tsx", "TypeScript JSX", 309, 0, 0, 0, 0, 0, 0, 0, 0, 0, 10, 26, 345
"/Users/lucasgaldine/Desktop/AI Agency/LeadSig/remix-of-leadsig-crm/src/pages/ClientJobPortal.tsx", "TypeScript JSX", 268, 0, 0, 0, 0, 0, 0, 0, 0, 0, 0, 33, 301
"/Users/lucasgaldine/Desktop/AI Agency/LeadSig/remix-of-leadsig-crm/src/pages/CreateEstimate.tsx", "TypeScript JSX", 483, 0, 0, 0, 0, 0, 0, 0, 0, 0, 0, 54, 537
"/Users/lucasgaldine/Desktop/AI Agency/LeadSig/remix-of-leadsig-crm/src/pages/CreateInvoice.tsx", "TypeScript JSX", 36, 0, 0, 0, 0, 0, 0, 0, 0, 0, 0, 3, 39
"/Users/lucasgaldine/Desktop/AI Agency/LeadSig/remix-of-leadsig-crm/src/pages/CreateMaterialList.tsx", "TypeScript JSX", 448, 0, 0, 0, 0, 0, 0, 0, 0, 0, 8, 28, 484
"/Users/lucasgaldine/Desktop/AI Agency/LeadSig/remix-of-leadsig-crm/src/pages/CreateSupplyOrder.tsx", "TypeScript JSX", 263, 0, 0, 0, 0, 0, 0, 0, 0, 0, 9, 24, 296
"/Users/lucasgaldine/Desktop/AI Agency/LeadSig/remix-of-leadsig-crm/src/pages/CrewDashboard.tsx", "TypeScript JSX", 178, 0, 0, 0, 0, 0, 0, 0, 0, 0, 0, 19, 197
"/Users/lucasgaldine/Desktop/AI Agency/LeadSig/remix-of-leadsig-crm/src/pages/DataDeletion.tsx", "TypeScript JSX", 106, 0, 0, 0, 0, 0, 0, 0, 0, 0, 0, 12, 118
"/Users/lucasgaldine/Desktop/AI Agency/LeadSig/remix-of-leadsig-crm/src/pages/EstimateApproval.tsx", "TypeScript JSX", 373, 0, 0, 0, 0, 0, 0, 0, 0, 0, 0, 31, 404
"/Users/lucasgaldine/Desktop/AI Agency/LeadSig/remix-of-leadsig-crm/src/pages/EstimateDetail.tsx", "TypeScript JSX", 1173, 0, 0, 0, 0, 0, 0, 0, 0, 0, 7, 102, 1282
"/Users/lucasgaldine/Desktop/AI Agency/LeadSig/remix-of-leadsig-crm/src/pages/FacebookCallback.tsx", "TypeScript JSX", 207, 0, 0, 0, 0, 0, 0, 0, 0, 0, 1, 27, 235
"/Users/lucasgaldine/Desktop/AI Agency/LeadSig/remix-of-leadsig-crm/src/pages/Index.tsx", "TypeScript JSX", 228, 0, 0, 0, 0, 0, 0, 0, 0, 0, 2, 20, 250
"/Users/lucasgaldine/Desktop/AI Agency/LeadSig/remix-of-leadsig-crm/src/pages/InvoiceDetail.tsx", "TypeScript JSX", 302, 0, 0, 0, 0, 0, 0, 0, 0, 0, 0, 24, 326
"/Users/lucasgaldine/Desktop/AI Agency/LeadSig/remix-of-leadsig-crm/src/pages/JobDetail.tsx", "TypeScript JSX", 1345, 0, 0, 0, 0, 0, 0, 0, 0, 0, 28, 142, 1515
"/Users/lucasgaldine/Desktop/AI Agency/LeadSig/remix-of-leadsig-crm/src/pages/Jobs.tsx", "TypeScript JSX", 162, 0, 0, 0, 0, 0, 0, 0, 0, 0, 0, 19, 181
"/Users/lucasgaldine/Desktop/AI Agency/LeadSig/remix-of-leadsig-crm/src/pages/LeadDetail.tsx", "TypeScript JSX", 1240, 0, 0, 0, 0, 0, 0, 0, 0, 0, 32, 183, 1455
"/Users/lucasgaldine/Desktop/AI Agency/LeadSig/remix-of-leadsig-crm/src/pages/LeadSources.tsx", "TypeScript JSX", 1268, 0, 0, 0, 0, 0, 0, 0, 0, 0, 0, 123, 1391
"/Users/lucasgaldine/Desktop/AI Agency/LeadSig/remix-of-leadsig-crm/src/pages/Leads.tsx", "TypeScript JSX", 311, 0, 0, 0, 0, 0, 0, 0, 0, 0, 1, 26, 338
"/Users/lucasgaldine/Desktop/AI Agency/LeadSig/remix-of-leadsig-crm/src/pages/LeadsPendingApproval.tsx", "TypeScript JSX", 380, 0, 0, 0, 0, 0, 0, 0, 0, 0, 5, 30, 415
"/Users/lucasgaldine/Desktop/AI Agency/LeadSig/remix-of-leadsig-crm/src/pages/LeadsRejected.tsx", "TypeScript JSX", 333, 0, 0, 0, 0, 0, 0, 0, 0, 0, 6, 28, 367
"/Users/lucasgaldine/Desktop/AI Agency/LeadSig/remix-of-leadsig-crm/src/pages/MaterialListDetail.tsx", "TypeScript JSX", 187, 0, 0, 0, 0, 0, 0, 0, 0, 0, 7, 16, 210
"/Users/lucasgaldine/Desktop/AI Agency/LeadSig/remix-of-leadsig-crm/src/pages/Materials.tsx", "TypeScript JSX", 317, 0, 0, 0, 0, 0, 0, 0, 0, 0, 7, 19, 343
"/Users/lucasgaldine/Desktop/AI Agency/LeadSig/remix-of-leadsig-crm/src/pages/NotFound.tsx", "TypeScript JSX", 22, 0, 0, 0, 0, 0, 0, 0, 0, 0, 0, 5, 27
"/Users/lucasgaldine/Desktop/AI Agency/LeadSig/remix-of-leadsig-crm/src/pages/PaymentDetail.tsx", "TypeScript JSX", 172, 0, 0, 0, 0, 0, 0, 0, 0, 0, 5, 14, 191
"/Users/lucasgaldine/Desktop/AI Agency/LeadSig/remix-of-leadsig-crm/src/pages/Payments.tsx", "TypeScript JSX", 320, 0, 0, 0, 0, 0, 0, 0, 0, 0, 0, 25, 345
"/Users/lucasgaldine/Desktop/AI Agency/LeadSig/remix-of-leadsig-crm/src/pages/PrivacyPolicy.tsx", "TypeScript JSX", 113, 0, 0, 0, 0, 0, 0, 0, 0, 0, 0, 14, 127
"/Users/lucasgaldine/Desktop/AI Agency/LeadSig/remix-of-leadsig-crm/src/pages/ResetPassword.tsx", "TypeScript JSX", 196, 0, 0, 0, 0, 0, 0, 0, 0, 0, 6, 21, 223
"/Users/lucasgaldine/Desktop/AI Agency/LeadSig/remix-of-leadsig-crm/src/pages/Schedule.tsx", "TypeScript JSX", 290, 0, 0, 0, 0, 0, 0, 0, 0, 0, 3, 22, 315
"/Users/lucasgaldine/Desktop/AI Agency/LeadSig/remix-of-leadsig-crm/src/pages/Settings.tsx", "TypeScript JSX", 315, 0, 0, 0, 0, 0, 0, 0, 0, 0, 0, 15, 330
"/Users/lucasgaldine/Desktop/AI Agency/LeadSig/remix-of-leadsig-crm/src/pages/SettingsAutoResponses.tsx", "TypeScript JSX", 36, 0, 0, 0, 0, 0, 0, 0, 0, 0, 0, 2, 38
"/Users/lucasgaldine/Desktop/AI Agency/LeadSig/remix-of-leadsig-crm/src/pages/SettingsAvailability.tsx", "TypeScript JSX", 305, 0, 0, 0, 0, 0, 0, 0, 0, 0, 0, 24, 329
"/Users/lucasgaldine/Desktop/AI Agency/LeadSig/remix-of-leadsig-crm/src/pages/SettingsCompanyProfile.tsx", "TypeScript JSX", 252, 0, 0, 0, 0, 0, 0, 0, 0, 0, 0, 27, 279
"/Users/lucasgaldine/Desktop/AI Agency/LeadSig/remix-of-leadsig-crm/src/pages/SettingsCrewManagement.tsx", "TypeScript JSX", 281, 0, 0, 0, 0, 0, 0, 0, 0, 0, 0, 17, 298
"/Users/lucasgaldine/Desktop/AI Agency/LeadSig/remix-of-leadsig-crm/src/pages/SettingsDashboard.tsx", "TypeScript JSX", 225, 0, 0, 0, 0, 0, 0, 0, 0, 0, 0, 20, 245
"/Users/lucasgaldine/Desktop/AI Agency/LeadSig/remix-of-leadsig-crm/src/pages/SettingsMinJobSize.tsx", "TypeScript JSX", 119, 0, 0, 0, 0, 0, 0, 0, 0, 0, 2, 12, 133
"/Users/lucasgaldine/Desktop/AI Agency/LeadSig/remix-of-leadsig-crm/src/pages/SettingsNotifications.tsx", "TypeScript JSX", 661, 0, 0, 0, 0, 0, 0, 0, 0, 0, 3, 55, 719
"/Users/lucasgaldine/Desktop/AI Agency/LeadSig/remix-of-leadsig-crm/src/pages/SettingsPricing.tsx", "TypeScript JSX", 280, 0, 0, 0, 0, 0, 0, 0, 0, 0, 0, 25, 305
"/Users/lucasgaldine/Desktop/AI Agency/LeadSig/remix-of-leadsig-crm/src/pages/SettingsPricingRules.tsx", "TypeScript JSX", 365, 0, 0, 0, 0, 0, 0, 0, 0, 0, 8, 39, 412
"/Users/lucasgaldine/Desktop/AI Agency/LeadSig/remix-of-leadsig-crm/src/pages/SettingsProfile.tsx", "TypeScript JSX", 456, 0, 0, 0, 0, 0, 0, 0, 0, 0, 7, 50, 513
"/Users/lucasgaldine/Desktop/AI Agency/LeadSig/remix-of-leadsig-crm/src/pages/SettingsServiceArea.tsx", "TypeScript JSX", 217, 0, 0, 0, 0, 0, 0, 0, 0, 0, 1, 16, 234
"/Users/lucasgaldine/Desktop/AI Agency/LeadSig/remix-of-leadsig-crm/src/pages/StripeCallback.tsx", "TypeScript JSX", 99, 0, 0, 0, 0, 0, 0, 0, 0, 0, 0, 14, 113
"/Users/lucasgaldine/Desktop/AI Agency/LeadSig/remix-of-leadsig-crm/src/pages/StripeSettings.tsx", "TypeScript JSX", 45, 0, 0, 0, 0, 0, 0, 0, 0, 0, 0, 6, 51
"/Users/lucasgaldine/Desktop/AI Agency/LeadSig/remix-of-leadsig-crm/src/pages/SupplierManagement.tsx", "TypeScript JSX", 33, 0, 0, 0, 0, 0, 0, 0, 0, 0, 0, 3, 36
"/Users/lucasgaldine/Desktop/AI Agency/LeadSig/remix-of-leadsig-crm/src/pages/SupplyOrderDetail.tsx", "TypeScript JSX", 186, 0, 0, 0, 0, 0, 0, 0, 0, 0, 6, 15, 207
"/Users/lucasgaldine/Desktop/AI Agency/LeadSig/remix-of-leadsig-crm/src/pages/TermsOfService.tsx", "TypeScript JSX", 110, 0, 0, 0, 0, 0, 0, 0, 0, 0, 0, 17, 127
"/Users/lucasgaldine/Desktop/AI Agency/LeadSig/remix-of-leadsig-crm/src/test/example.test.ts", "TypeScript", 0, 6, 0, 0, 0, 0, 0, 0, 0, 0, 0, 2, 8
"/Users/lucasgaldine/Desktop/AI Agency/LeadSig/remix-of-leadsig-crm/src/test/setup.ts", "TypeScript", 0, 14, 0, 0, 0, 0, 0, 0, 0, 0, 0, 2, 16
"/Users/lucasgaldine/Desktop/AI Agency/LeadSig/remix-of-leadsig-crm/src/types/materials.ts", "TypeScript", 0, 87, 0, 0, 0, 0, 0, 0, 0, 0, 2, 12, 101
"/Users/lucasgaldine/Desktop/AI Agency/LeadSig/remix-of-leadsig-crm/src/types/payments.ts", "TypeScript", 0, 67, 0, 0, 0, 0, 0, 0, 0, 0, 1, 6, 74
"/Users/lucasgaldine/Desktop/AI Agency/LeadSig/remix-of-leadsig-crm/src/vite-env.d.ts", "TypeScript", 0, 0, 0, 0, 0, 0, 0, 0, 0, 0, 1, 1, 2
"/Users/lucasgaldine/Desktop/AI Agency/LeadSig/remix-of-leadsig-crm/supabase/functions/delete-account/index.ts", "TypeScript", 0, 80, 0, 0, 0, 0, 0, 0, 0, 0, 0, 13, 93
"/Users/lucasgaldine/Desktop/AI Agency/LeadSig/remix-of-leadsig-crm/supabase/functions/estimate-approve/index.ts", "TypeScript", 0, 177, 0, 0, 0, 0, 0, 0, 0, 0, 0, 18, 195
"/Users/lucasgaldine/Desktop/AI Agency/LeadSig/remix-of-leadsig-crm/supabase/functions/facebook-oauth-callback/index.ts", "TypeScript", 0, 355, 0, 0, 0, 0, 0, 0, 0, 0, 0, 47, 402
"/Users/lucasgaldine/Desktop/AI Agency/LeadSig/remix-of-leadsig-crm/supabase/functions/facebook-oauth-connect/index.ts", "TypeScript", 0, 79, 0, 0, 0, 0, 0, 0, 0, 0, 0, 12, 91
"/Users/lucasgaldine/Desktop/AI Agency/LeadSig/remix-of-leadsig-crm/supabase/functions/facebook-webhook/index.ts", "TypeScript", 0, 309, 0, 0, 0, 0, 0, 0, 0, 0, 0, 46, 355
"/Users/lucasgaldine/Desktop/AI Agency/LeadSig/remix-of-leadsig-crm/supabase/functions/job-client-portal/index.ts", "TypeScript", 0, 481, 0, 0, 0, 0, 0, 0, 0, 0, 0, 67, 548
"/Users/lucasgaldine/Desktop/AI Agency/LeadSig/remix-of-leadsig-crm/supabase/functions/leads-inbound/index.ts", "TypeScript", 0, 398, 0, 0, 0, 0, 0, 0, 0, 0, 0, 67, 465
"/Users/lucasgaldine/Desktop/AI Agency/LeadSig/remix-of-leadsig-crm/supabase/functions/leads-interactions/index.ts", "TypeScript", 0, 121, 0, 0, 0, 0, 0, 0, 0, 0, 7, 23, 151
"/Users/lucasgaldine/Desktop/AI Agency/LeadSig/remix-of-leadsig-crm/supabase/functions/leads-status/index.ts", "TypeScript", 0, 125, 0, 0, 0, 0, 0, 0, 0, 0, 8, 27, 160
"/Users/lucasgaldine/Desktop/AI Agency/LeadSig/remix-of-leadsig-crm/supabase/functions/leads-test-connection/index.ts", "TypeScript", 0, 244, 0, 0, 0, 0, 0, 0, 0, 0, 0, 35, 279
"/Users/lucasgaldine/Desktop/AI Agency/LeadSig/remix-of-leadsig-crm/supabase/functions/send-email-digest/index.ts", "TypeScript", 0, 366, 0, 0, 0, 0, 0, 0, 0, 0, 1, 41, 408
"/Users/lucasgaldine/Desktop/AI Agency/LeadSig/remix-of-leadsig-crm/supabase/functions/send-sms/index.ts", "TypeScript", 0, 336, 0, 0, 0, 0, 0, 0, 0, 0, 0, 46, 382
"/Users/lucasgaldine/Desktop/AI Agency/LeadSig/remix-of-leadsig-crm/supabase/functions/stripe-connect-dashboard/index.ts", "TypeScript", 0, 65, 0, 0, 0, 0, 0, 0, 0, 0, 0, 11, 76
"/Users/lucasgaldine/Desktop/AI Agency/LeadSig/remix-of-leadsig-crm/supabase/functions/stripe-connect-invoice/index.ts", "TypeScript", 0, 213, 0, 0, 0, 0, 0, 0, 0, 0, 0, 33, 246
"/Users/lucasgaldine/Desktop/AI Agency/LeadSig/remix-of-leadsig-crm/supabase/functions/stripe-connect-onboard/index.ts", "TypeScript", 0, 115, 0, 0, 0, 0, 0, 0, 0, 0, 0, 19, 134
"/Users/lucasgaldine/Desktop/AI Agency/LeadSig/remix-of-leadsig-crm/supabase/functions/stripe-connect-payment/index.ts", "TypeScript", 0, 127, 0, 0, 0, 0, 0, 0, 0, 0, 0, 20, 147
"/Users/lucasgaldine/Desktop/AI Agency/LeadSig/remix-of-leadsig-crm/supabase/functions/stripe-connect-status/index.ts", "TypeScript", 0, 137, 0, 0, 0, 0, 0, 0, 0, 0, 0, 18, 155
"/Users/lucasgaldine/Desktop/AI Agency/LeadSig/remix-of-leadsig-crm/supabase/functions/stripe-oauth-callback/index.ts", "TypeScript", 0, 112, 0, 0, 0, 0, 0, 0, 0, 0, 0, 17, 129
"/Users/lucasgaldine/Desktop/AI Agency/LeadSig/remix-of-leadsig-crm/supabase/functions/stripe-oauth-connect/index.ts", "TypeScript", 0, 86, 0, 0, 0, 0, 0, 0, 0, 0, 0, 14, 100
"/Users/lucasgaldine/Desktop/AI Agency/LeadSig/remix-of-leadsig-crm/supabase/functions/stripe-oauth-disconnect/index.ts", "TypeScript", 0, 108, 0, 0, 0, 0, 0, 0, 0, 0, 0, 14, 122
"/Users/lucasgaldine/Desktop/AI Agency/LeadSig/remix-of-leadsig-crm/supabase/migrations/20260114220600_remix_migration_from_pg_dump.sql", "MS SQL", 0, 0, 0, 0, 0, 0, 0, 0, 0, 791, 722, 703, 2216
"/Users/lucasgaldine/Desktop/AI Agency/LeadSig/remix-of-leadsig-crm/supabase/migrations/20260115152524_add_jobs_created_by_index.sql", "MS SQL", 0, 0, 0, 0, 0, 0, 0, 0, 0, 1, 12, 2, 15
"/Users/lucasgaldine/Desktop/AI Agency/LeadSig/remix-of-leadsig-crm/supabase/migrations/20260115153146_optimize_rls_performance.sql", "MS SQL", 0, 0, 0, 0, 0, 0, 0, 0, 0, 49, 29, 8, 86
"/Users/lucasgaldine/Desktop/AI Agency/LeadSig/remix-of-leadsig-crm/supabase/migrations/20260115153537_fix_rls_caching_issue.sql", "MS SQL", 0, 0, 0, 0, 0, 0, 0, 0, 0, 26, 21, 5, 52
"/Users/lucasgaldine/Desktop/AI Agency/LeadSig/remix-of-leadsig-crm/supabase/migrations/20260115154746_add_jobs_created_by_policy.sql", "MS SQL", 0, 0, 0, 0, 0, 0, 0, 0, 0, 6, 13, 2, 21
"/Users/lucasgaldine/Desktop/AI Agency/LeadSig/remix-of-leadsig-crm/supabase/migrations/20260115154802_add_customers_created_by_policy.sql", "MS SQL", 0, 0, 0, 0, 0, 0, 0, 0, 0, 6, 13, 2, 21
"/Users/lucasgaldine/Desktop/AI Agency/LeadSig/remix-of-leadsig-crm/supabase/migrations/20260115155922_remove_role_based_access.sql", "MS SQL", 0, 0, 0, 0, 0, 0, 0, 0, 0, 183, 73, 49, 305
"/Users/lucasgaldine/Desktop/AI Agency/LeadSig/remix-of-leadsig-crm/supabase/migrations/20260115162905_consolidate_jobs_and_leads.sql", "MS SQL", 0, 0, 0, 0, 0, 0, 0, 0, 0, 193, 59, 40, 292
"/Users/lucasgaldine/Desktop/AI Agency/LeadSig/remix-of-leadsig-crm/supabase/migrations/20260115172907_simplify_jobs_rls_policies.sql", "MS SQL", 0, 0, 0, 0, 0, 0, 0, 0, 0, 11, 13, 4, 28
"/Users/lucasgaldine/Desktop/AI Agency/LeadSig/remix-of-leadsig-crm/supabase/migrations/20260115180123_restrict_leads_to_user_account.sql", "MS SQL", 0, 0, 0, 0, 0, 0, 0, 0, 0, 22, 17, 6, 45
"/Users/lucasgaldine/Desktop/AI Agency/LeadSig/remix-of-leadsig-crm/supabase/migrations/20260115214520_add_crew_lead_profile_join.sql", "MS SQL", 0, 0, 0, 0, 0, 0, 0, 0, 0, 18, 15, 4, 37
"/Users/lucasgaldine/Desktop/AI Agency/LeadSig/remix-of-leadsig-crm/supabase/migrations/20260115224247_add_invoiced_paid_remove_cancelled_status.sql", "MS SQL", 0, 0, 0, 0, 0, 0, 0, 0, 0, 26, 22, 6, 54
"/Users/lucasgaldine/Desktop/AI Agency/LeadSig/remix-of-leadsig-crm/supabase/migrations/20260115225228_add_profile_settings_columns.sql", "MS SQL", 0, 0, 0, 0, 0, 0, 0, 0, 0, 4, 20, 3, 27
"/Users/lucasgaldine/Desktop/AI Agency/LeadSig/remix-of-leadsig-crm/supabase/migrations/20260115225412_create_profiles_storage_bucket.sql", "MS SQL", 0, 0, 0, 0, 0, 0, 0, 0, 0, 36, 29, 7, 72
"/Users/lucasgaldine/Desktop/AI Agency/LeadSig/remix-of-leadsig-crm/supabase/migrations/20260116145507_add_account_multi_user_support.sql", "MS SQL", 0, 0, 0, 0, 0, 0, 0, 0, 0, 302, 94, 32, 428
"/Users/lucasgaldine/Desktop/AI Agency/LeadSig/remix-of-leadsig-crm/supabase/migrations/20260116145610_update_rls_policies_for_accounts.sql", "MS SQL", 0, 0, 0, 0, 0, 0, 0, 0, 0, 812, 57, 85, 954
"/Users/lucasgaldine/Desktop/AI Agency/LeadSig/remix-of-leadsig-crm/supabase/migrations/20260116150215_add_account_invite_codes.sql", "MS SQL", 0, 0, 0, 0, 0, 0, 0, 0, 0, 81, 29, 15, 125
"/Users/lucasgaldine/Desktop/AI Agency/LeadSig/remix-of-leadsig-crm/supabase/migrations/20260116150342_update_handle_new_user_for_company_join.sql", "MS SQL", 0, 0, 0, 0, 0, 0, 0, 0, 0, 35, 25, 6, 66
"/Users/lucasgaldine/Desktop/AI Agency/LeadSig/remix-of-leadsig-crm/supabase/migrations/20260116151104_add_account_members_rls_policies.sql", "MS SQL", 0, 0, 0, 0, 0, 0, 0, 0, 0, 94, 34, 13, 141
"/Users/lucasgaldine/Desktop/AI Agency/LeadSig/remix-of-leadsig-crm/supabase/migrations/20260116151355_fix_account_members_circular_dependency.sql", "MS SQL", 0, 0, 0, 0, 0, 0, 0, 0, 0, 13, 27, 4, 44
"/Users/lucasgaldine/Desktop/AI Agency/LeadSig/remix-of-leadsig-crm/supabase/migrations/20260116151852_fix_circular_rls_dependency_v2.sql", "MS SQL", 0, 0, 0, 0, 0, 0, 0, 0, 0, 70, 36, 11, 117
"/Users/lucasgaldine/Desktop/AI Agency/LeadSig/remix-of-leadsig-crm/supabase/migrations/20260116152027_update_existing_table_policies_use_security_definer.sql", "MS SQL", 0, 0, 0, 0, 0, 0, 0, 0, 0, 434, 76, 84, 594
"/Users/lucasgaldine/Desktop/AI Agency/LeadSig/remix-of-leadsig-crm/supabase/migrations/20260116152050_update_accounts_table_rls_policies_v2.sql", "MS SQL", 0, 0, 0, 0, 0, 0, 0, 0, 0, 24, 18, 4, 46
"/Users/lucasgaldine/Desktop/AI Agency/LeadSig/remix-of-leadsig-crm/supabase/migrations/20260116152446_update_handle_new_user_with_phone_and_address.sql", "MS SQL", 0, 0, 0, 0, 0, 0, 0, 0, 0, 42, 23, 8, 73
"/Users/lucasgaldine/Desktop/AI Agency/LeadSig/remix-of-leadsig-crm/supabase/migrations/20260116154726_fix_leads_account_id_and_policies.sql", "MS SQL", 0, 0, 0, 0, 0, 0, 0, 0, 0, 26, 41, 4, 71
"/Users/lucasgaldine/Desktop/AI Agency/LeadSig/remix-of-leadsig-crm/supabase/migrations/20260116180157_fix_security_issues_comprehensive.sql", "MS SQL", 0, 0, 0, 0, 0, 0, 0, 0, 0, 606, 137, 114, 857
"/Users/lucasgaldine/Desktop/AI Agency/LeadSig/remix-of-leadsig-crm/supabase/migrations/20260116182936_fix_api_keys_insert_policy.sql", "MS SQL", 0, 0, 0, 0, 0, 0, 0, 0, 0, 12, 17, 3, 32
"/Users/lucasgaldine/Desktop/AI Agency/LeadSig/remix-of-leadsig-crm/supabase/migrations/20260116194306_enforce_one_estimate_per_job.sql", "MS SQL", 0, 0, 0, 0, 0, 0, 0, 0, 0, 113, 38, 16, 167
"/Users/lucasgaldine/Desktop/AI Agency/LeadSig/remix-of-leadsig-crm/supabase/migrations/20260116195020_add_cascade_delete_for_estimates.sql", "MS SQL", 0, 0, 0, 0, 0, 0, 0, 0, 0, 8, 18, 4, 30
"/Users/lucasgaldine/Desktop/AI Agency/LeadSig/remix-of-leadsig-crm/supabase/migrations/20260116204812_fix_cascade_delete_for_leads.sql", "MS SQL", 0, 0, 0, 0, 0, 0, 0, 0, 0, 35, 40, 10, 85
"/Users/lucasgaldine/Desktop/AI Agency/LeadSig/remix-of-leadsig-crm/supabase/migrations/20260116205240_populate_pricing_rules_account_id.sql", "MS SQL", 0, 0, 0, 0, 0, 0, 0, 0, 0, 7, 22, 2, 31
"/Users/lucasgaldine/Desktop/AI Agency/LeadSig/remix-of-leadsig-crm/supabase/migrations/20260116205527_fix_leads_delete_policy.sql", "MS SQL", 0, 0, 0, 0, 0, 0, 0, 0, 0, 6, 20, 2, 28
"/Users/lucasgaldine/Desktop/AI Agency/LeadSig/remix-of-leadsig-crm/supabase/migrations/20260116210235_remove_duplicate_estimates_foreign_key.sql", "MS SQL", 0, 0, 0, 0, 0, 0, 0, 0, 0, 2, 22, 1, 25
"/Users/lucasgaldine/Desktop/AI Agency/LeadSig/remix-of-leadsig-crm/supabase/migrations/20260116215317_add_multi_day_job_scheduling.sql", "MS SQL", 0, 0, 0, 0, 0, 0, 0, 0, 0, 131, 54, 20, 205
"/Users/lucasgaldine/Desktop/AI Agency/LeadSig/remix-of-leadsig-crm/supabase/migrations/20260116220249_fix_job_status_logic_for_multi_day_scheduling_v2.sql", "MS SQL", 0, 0, 0, 0, 0, 0, 0, 0, 0, 62, 27, 9, 98
"/Users/lucasgaldine/Desktop/AI Agency/LeadSig/remix-of-leadsig-crm/supabase/migrations/20260116220832_fix_job_status_allow_schedule_recalculation.sql", "MS SQL", 0, 0, 0, 0, 0, 0, 0, 0, 0, 58, 26, 9, 93
"/Users/lucasgaldine/Desktop/AI Agency/LeadSig/remix-of-leadsig-crm/supabase/migrations/20260116220903_fix_job_status_enum_casting.sql", "MS SQL", 0, 0, 0, 0, 0, 0, 0, 0, 0, 58, 24, 9, 91
"/Users/lucasgaldine/Desktop/AI Agency/LeadSig/remix-of-leadsig-crm/supabase/migrations/20260116221132_set_status_won_when_schedules_removed.sql", "MS SQL", 0, 0, 0, 0, 0, 0, 0, 0, 0, 68, 26, 11, 105
"/Users/lucasgaldine/Desktop/AI Agency/LeadSig/remix-of-leadsig-crm/supabase/migrations/20260116231155_add_line_item_change_tracking.sql", "MS SQL", 0, 0, 0, 0, 0, 0, 0, 0, 0, 51, 16, 7, 74
"/Users/lucasgaldine/Desktop/AI Agency/LeadSig/remix-of-leadsig-crm/supabase/migrations/20260118041147_add_lead_source_field_mappings.sql", "MS SQL", 0, 0, 0, 0, 0, 0, 0, 0, 0, 63, 29, 7, 99
"/Users/lucasgaldine/Desktop/AI Agency/LeadSig/remix-of-leadsig-crm/supabase/migrations/20260118042335_add_lead_source_setup_sessions.sql", "MS SQL", 0, 0, 0, 0, 0, 0, 0, 0, 0, 42, 31, 9, 82
"/Users/lucasgaldine/Desktop/AI Agency/LeadSig/remix-of-leadsig-crm/supabase/migrations/20260118044712_add_form_id_to_field_mappings.sql", "MS SQL", 0, 0, 0, 0, 0, 0, 0, 0, 0, 22, 20, 4, 46
"/Users/lucasgaldine/Desktop/AI Agency/LeadSig/remix-of-leadsig-crm/supabase/migrations/20260118044904_update_field_mappings_rls_for_accounts.sql", "MS SQL", 0, 0, 0, 0, 0, 0, 0, 0, 0, 61, 16, 6, 83
"/Users/lucasgaldine/Desktop/AI Agency/LeadSig/remix-of-leadsig-crm/supabase/migrations/20260119012546_remove_fit_score_from_lead_qualifications.sql", "MS SQL", 0, 0, 0, 0, 0, 0, 0, 0, 0, 9, 18, 2, 29
"/Users/lucasgaldine/Desktop/AI Agency/LeadSig/remix-of-leadsig-crm/supabase/migrations/20260119015814_remove_field_mapping_tables_and_form_id.sql", "MS SQL", 0, 0, 0, 0, 0, 0, 0, 0, 0, 11, 21, 3, 35
"/Users/lucasgaldine/Desktop/AI Agency/LeadSig/remix-of-leadsig-crm/supabase/migrations/20260120235524_update_stripe_connect_for_oauth.sql", "MS SQL", 0, 0, 0, 0, 0, 0, 0, 0, 0, 68, 34, 10, 112
"/Users/lucasgaldine/Desktop/AI Agency/LeadSig/remix-of-leadsig-crm/supabase/migrations/20260121173939_add_crew_member_role_and_assignments.sql", "MS SQL", 0, 0, 0, 0, 0, 0, 0, 0, 0, 158, 55, 20, 233
"/Users/lucasgaldine/Desktop/AI Agency/LeadSig/remix-of-leadsig-crm/supabase/migrations/20260121174011_restrict_crew_member_access.sql", "MS SQL", 0, 0, 0, 0, 0, 0, 0, 0, 0, 245, 39, 35, 319
"/Users/lucasgaldine/Desktop/AI Agency/LeadSig/remix-of-leadsig-crm/supabase/migrations/20260121175227_create_account_members_with_profiles_view.sql", "MS SQL", 0, 0, 0, 0, 0, 0, 0, 0, 0, 19, 13, 2, 34
"/Users/lucasgaldine/Desktop/AI Agency/LeadSig/remix-of-leadsig-crm/supabase/migrations/20260121212827_fix_handle_new_user_join_account.sql", "MS SQL", 0, 0, 0, 0, 0, 0, 0, 0, 0, 47, 27, 8, 82
"/Users/lucasgaldine/Desktop/AI Agency/LeadSig/remix-of-leadsig-crm/supabase/migrations/20260121213549_fix_handle_new_user_role_casting.sql", "MS SQL", 0, 0, 0, 0, 0, 0, 0, 0, 0, 47, 26, 8, 81
"/Users/lucasgaldine/Desktop/AI Agency/LeadSig/remix-of-leadsig-crm/supabase/migrations/20260121213939_add_state_to_leads.sql", "MS SQL", 0, 0, 0, 0, 0, 0, 0, 0, 0, 9, 14, 1, 24
"/Users/lucasgaldine/Desktop/AI Agency/LeadSig/remix-of-leadsig-crm/supabase/migrations/20260121214448_add_foreign_keys_for_profiles.sql", "MS SQL", 0, 0, 0, 0, 0, 0, 0, 0, 0, 21, 17, 2, 40
"/Users/lucasgaldine/Desktop/AI Agency/LeadSig/remix-of-leadsig-crm/supabase/migrations/20260121215026_fix_job_assignments_infinite_recursion.sql", "MS SQL", 0, 0, 0, 0, 0, 0, 0, 0, 0, 52, 16, 5, 73
"/Users/lucasgaldine/Desktop/AI Agency/LeadSig/remix-of-leadsig-crm/supabase/migrations/20260121232822_add_per_schedule_crew_assignments_v2.sql", "MS SQL", 0, 0, 0, 0, 0, 0, 0, 0, 0, 64, 26, 9, 99
"/Users/lucasgaldine/Desktop/AI Agency/LeadSig/remix-of-leadsig-crm/supabase/migrations/20260122002338_add_availability_settings.sql", "MS SQL", 0, 0, 0, 0, 0, 0, 0, 0, 0, 166, 42, 15, 223
"/Users/lucasgaldine/Desktop/AI Agency/LeadSig/remix-of-leadsig-crm/supabase/migrations/20260122005549_remove_in_progress_completed_statuses.sql", "MS SQL", 0, 0, 0, 0, 0, 0, 0, 0, 0, 27, 31, 7, 65
"/Users/lucasgaldine/Desktop/AI Agency/LeadSig/remix-of-leadsig-crm/supabase/migrations/20260122010634_simplify_status_to_job_lifecycle_v2.sql", "MS SQL", 0, 0, 0, 0, 0, 0, 0, 0, 0, 23, 32, 6, 61
"/Users/lucasgaldine/Desktop/AI Agency/LeadSig/remix-of-leadsig-crm/supabase/migrations/20260122011801_fix_auto_create_estimate_function.sql", "MS SQL", 0, 0, 0, 0, 0, 0, 0, 0, 0, 41, 13, 5, 59
"/Users/lucasgaldine/Desktop/AI Agency/LeadSig/remix-of-leadsig-crm/supabase/migrations/20260122011838_remove_auto_status_update_trigger.sql", "MS SQL", 0, 0, 0, 0, 0, 0, 0, 0, 0, 2, 15, 3, 20
"/Users/lucasgaldine/Desktop/AI Agency/LeadSig/remix-of-leadsig-crm/supabase/migrations/20260122034107_fix_account_members_and_rls_access.sql", "MS SQL", 0, 0, 0, 0, 0, 0, 0, 0, 0, 65, 31, 12, 108
"/Users/lucasgaldine/Desktop/AI Agency/LeadSig/remix-of-leadsig-crm/supabase/migrations/20260206235330_fix_profiles_rls_policies.sql", "MS SQL", 0, 0, 0, 0, 0, 0, 0, 0, 0, 21, 16, 5, 42
"/Users/lucasgaldine/Desktop/AI Agency/LeadSig/remix-of-leadsig-crm/supabase/migrations/20260207004324_fix_remaining_security_issues.sql", "MS SQL", 0, 0, 0, 0, 0, 0, 0, 0, 0, 71, 35, 11, 117
"/Users/lucasgaldine/Desktop/AI Agency/LeadSig/remix-of-leadsig-crm/supabase/migrations/20260207004422_add_remaining_fk_indexes.sql", "MS SQL", 0, 0, 0, 0, 0, 0, 0, 0, 0, 5, 13, 1, 19
"/Users/lucasgaldine/Desktop/AI Agency/LeadSig/remix-of-leadsig-crm/supabase/migrations/20260207012905_add_estimate_approval_token.sql", "MS SQL", 0, 0, 0, 0, 0, 0, 0, 0, 0, 16, 15, 4, 35
"/Users/lucasgaldine/Desktop/AI Agency/LeadSig/remix-of-leadsig-crm/supabase/migrations/20260207022417_fix_profiles_rls_user_id_column.sql", "MS SQL", 0, 0, 0, 0, 0, 0, 0, 0, 0, 11, 12, 3, 26
"/Users/lucasgaldine/Desktop/AI Agency/LeadSig/remix-of-leadsig-crm/supabase/migrations/20260207022735_add_sms_notification_log_and_pg_net.sql", "MS SQL", 0, 0, 0, 0, 0, 0, 0, 0, 0, 28, 24, 6, 58
"/Users/lucasgaldine/Desktop/AI Agency/LeadSig/remix-of-leadsig-crm/supabase/migrations/20260207022852_add_sms_notification_triggers.sql", "MS SQL", 0, 0, 0, 0, 0, 0, 0, 0, 0, 184, 20, 20, 224
"/Users/lucasgaldine/Desktop/AI Agency/LeadSig/remix-of-leadsig-crm/supabase/migrations/20260207022921_fix_sms_triggers_use_pg_net.sql", "MS SQL", 0, 0, 0, 0, 0, 0, 0, 0, 0, 144, 12, 16, 172
"/Users/lucasgaldine/Desktop/AI Agency/LeadSig/remix-of-leadsig-crm/supabase/migrations/20260207023034_fix_sms_triggers_hardcode_url.sql", "MS SQL", 0, 0, 0, 0, 0, 0, 0, 0, 0, 106, 13, 8, 127
"/Users/lucasgaldine/Desktop/AI Agency/LeadSig/remix-of-leadsig-crm/supabase/migrations/20260207025401_add_dashboard_preferences_column.sql", "MS SQL", 0, 0, 0, 0, 0, 0, 0, 0, 0, 9, 13, 2, 24
"/Users/lucasgaldine/Desktop/AI Agency/LeadSig/remix-of-leadsig-crm/supabase/migrations/20260207030738_create_notifications_table_and_triggers.sql", "MS SQL", 0, 0, 0, 0, 0, 0, 0, 0, 0, 175, 32, 21, 228
"/Users/lucasgaldine/Desktop/AI Agency/LeadSig/remix-of-leadsig-crm/supabase/migrations/20260207035640_add_sms_notification_log_user_id_index.sql", "MS SQL", 0, 0, 0, 0, 0, 0, 0, 0, 0, 2, 9, 2, 13
"/Users/lucasgaldine/Desktop/AI Agency/LeadSig/remix-of-leadsig-crm/supabase/migrations/20260207035655_drop_unused_indexes.sql", "MS SQL", 0, 0, 0, 0, 0, 0, 0, 0, 0, 34, 19, 2, 55
"/Users/lucasgaldine/Desktop/AI Agency/LeadSig/remix-of-leadsig-crm/supabase/migrations/20260207035712_fix_function_search_paths.sql", "MS SQL", 0, 0, 0, 0, 0, 0, 0, 0, 0, 9, 18, 2, 29
"/Users/lucasgaldine/Desktop/AI Agency/LeadSig/remix-of-leadsig-crm/supabase/migrations/20260207050206_add_email_digest_log_table.sql", "MS SQL", 0, 0, 0, 0, 0, 0, 0, 0, 0, 28, 25, 5, 58
"/Users/lucasgaldine/Desktop/AI Agency/LeadSig/remix-of-leadsig-crm/supabase/migrations/20260207050332_add_email_digest_cron_schedule.sql", "MS SQL", 0, 0, 0, 0, 0, 0, 0, 0, 0, 43, 14, 8, 65
"/Users/lucasgaldine/Desktop/AI Agency/LeadSig/remix-of-leadsig-crm/supabase/migrations/20260207052236_add_pricing_plan_to_accounts.sql", "MS SQL", 0, 0, 0, 0, 0, 0, 0, 0, 0, 11, 11, 2, 24
"/Users/lucasgaldine/Desktop/AI Agency/LeadSig/remix-of-leadsig-crm/supabase/migrations/20260207054304_add_lead_photos_table_and_storage.sql", "MS SQL", 0, 0, 0, 0, 0, 0, 0, 0, 0, 62, 37, 12, 111
"/Users/lucasgaldine/Desktop/AI Agency/LeadSig/remix-of-leadsig-crm/supabase/migrations/20260207060337_auto_convert_lead_when_estimate_and_photos.sql", "MS SQL", 0, 0, 0, 0, 0, 0, 0, 0, 0, 83, 19, 11, 113
"/Users/lucasgaldine/Desktop/AI Agency/LeadSig/remix-of-leadsig-crm/supabase/migrations/20260207060819_add_photo_type_to_lead_photos.sql", "MS SQL", 0, 0, 0, 0, 0, 0, 0, 0, 0, 46, 12, 8, 66
"/Users/lucasgaldine/Desktop/AI Agency/LeadSig/remix-of-leadsig-crm/supabase/migrations/20260207065125_add_estimate_job_tracking.sql", "MS SQL", 0, 0, 0, 0, 0, 0, 0, 0, 0, 49, 17, 9, 75
"/Users/lucasgaldine/Desktop/AI Agency/LeadSig/remix-of-leadsig-crm/supabase/migrations/20260207072235_fix_estimate_job_status_to_completed.sql", "MS SQL", 0, 0, 0, 0, 0, 0, 0, 0, 0, 42, 19, 8, 69
"/Users/lucasgaldine/Desktop/AI Agency/LeadSig/remix-of-leadsig-crm/supabase/migrations/20260207072755_fix_auto_create_estimate_skip_estimate_visits.sql", "MS SQL", 0, 0, 0, 0, 0, 0, 0, 0, 0, 41, 14, 4, 59
"/Users/lucasgaldine/Desktop/AI Agency/LeadSig/remix-of-leadsig-crm/supabase/migrations/20260207080612_add_is_estimate_visit_column.sql", "MS SQL", 0, 0, 0, 0, 0, 0, 0, 0, 0, 32, 17, 6, 55
"/Users/lucasgaldine/Desktop/AI Agency/LeadSig/remix-of-leadsig-crm/supabase/migrations/20260207081106_cascade_delete_estimate_job_on_lead_delete.sql", "MS SQL", 0, 0, 0, 0, 0, 0, 0, 0, 0, 18, 18, 4, 40
"/Users/lucasgaldine/Desktop/AI Agency/LeadSig/remix-of-leadsig-crm/supabase/migrations/20260207081420_fix_estimate_job_cleanup_trigger.sql", "MS SQL", 0, 0, 0, 0, 0, 0, 0, 0, 0, 19, 8, 4, 31
"/Users/lucasgaldine/Desktop/AI Agency/LeadSig/remix-of-leadsig-crm/supabase/migrations/20260207082401_add_is_active_to_account_members_view.sql", "MS SQL", 0, 0, 0, 0, 0, 0, 0, 0, 0, 16, 10, 3, 29
"/Users/lucasgaldine/Desktop/AI Agency/LeadSig/remix-of-leadsig-crm/supabase/migrations/20260207082548_fix_account_members_view_join_column.sql", "MS SQL", 0, 0, 0, 0, 0, 0, 0, 0, 0, 16, 10, 3, 29
"/Users/lucasgaldine/Desktop/AI Agency/LeadSig/remix-of-leadsig-crm/supabase/migrations/20260207091204_add_notifications_delete_policy.sql", "MS SQL", 0, 0, 0, 0, 0, 0, 0, 0, 0, 12, 10, 1, 23
"/Users/lucasgaldine/Desktop/AI Agency/LeadSig/remix-of-leadsig-crm/supabase/migrations/20260207092105_make_notifications_user_specific.sql", "MS SQL", 0, 0, 0, 0, 0, 0, 0, 0, 0, 186, 40, 22, 248
"/Users/lucasgaldine/Desktop/AI Agency/LeadSig/remix-of-leadsig-crm/supabase/migrations/20260207093229_scope_crew_notifications_to_assigned_jobs.sql", "MS SQL", 0, 0, 0, 0, 0, 0, 0, 0, 0, 187, 29, 20, 236
"/Users/lucasgaldine/Desktop/AI Agency/LeadSig/remix-of-leadsig-crm/supabase/migrations/20260207093716_fix_create_user_notifications_overload.sql", "MS SQL", 0, 0, 0, 0, 0, 0, 0, 0, 0, 1, 13, 1, 15
"/Users/lucasgaldine/Desktop/AI Agency/LeadSig/remix-of-leadsig-crm/supabase/migrations/20260207094347_add_fk_indexes_fix_rls_performance_and_search_path.sql", "MS SQL", 0, 0, 0, 0, 0, 0, 0, 0, 0, 116, 35, 13, 164
"/Users/lucasgaldine/Desktop/AI Agency/LeadSig/remix-of-leadsig-crm/supabase/migrations/20260207101244_update_auto_convert_to_mark_estimate_job_paid.sql", "MS SQL", 0, 0, 0, 0, 0, 0, 0, 0, 0, 41, 14, 8, 63
"/Users/lucasgaldine/Desktop/AI Agency/LeadSig/remix-of-leadsig-crm/supabase/migrations/20260207102112_add_completed_to_unified_status.sql", "MS SQL", 0, 0, 0, 0, 0, 0, 0, 0, 0, 42, 15, 9, 66
"/Users/lucasgaldine/Desktop/AI Agency/LeadSig/remix-of-leadsig-crm/supabase/migrations/20260207104638_add_client_share_token_to_leads.sql", "MS SQL", 0, 0, 0, 0, 0, 0, 0, 0, 0, 12, 13, 3, 28
"/Users/lucasgaldine/Desktop/AI Agency/LeadSig/remix-of-leadsig-crm/supabase/migrations/20260207110343_fix_security_issues_drop_unused_indexes_and_fix_view.sql", "MS SQL", 0, 0, 0, 0, 0, 0, 0, 0, 0, 56, 54, 29, 139
"/Users/lucasgaldine/Desktop/AI Agency/LeadSig/remix-of-leadsig-crm/supabase/migrations/20260207223149_fix_account_members_select_policy.sql", "MS SQL", 0, 0, 0, 0, 0, 0, 0, 0, 0, 7, 18, 2, 27
"/Users/lucasgaldine/Desktop/AI Agency/LeadSig/remix-of-leadsig-crm/supabase/migrations/20260207223608_restrict_crew_member_leads_access.sql", "MS SQL", 0, 0, 0, 0, 0, 0, 0, 0, 0, 27, 18, 2, 47
"/Users/lucasgaldine/Desktop/AI Agency/LeadSig/remix-of-leadsig-crm/supabase/migrations/20260207223621_restrict_crew_member_schedules_access.sql", "MS SQL", 0, 0, 0, 0, 0, 0, 0, 0, 0, 27, 18, 2, 47
"/Users/lucasgaldine/Desktop/AI Agency/LeadSig/remix-of-leadsig-crm/supabase/migrations/20260207223716_restrict_crew_member_related_data_access_v2.sql", "MS SQL", 0, 0, 0, 0, 0, 0, 0, 0, 0, 109, 28, 8, 145
"/Users/lucasgaldine/Desktop/AI Agency/LeadSig/remix-of-leadsig-crm/supabase/migrations/20260207230946_add_declined_to_estimate_status.sql", "MS SQL", 0, 0, 0, 0, 0, 0, 0, 0, 0, 10, 10, 2, 22
"/Users/lucasgaldine/Desktop/AI Agency/LeadSig/remix-of-leadsig-crm/supabase/migrations/20260208210207_convert_lead_to_estimate_job_flow.sql", "MS SQL", 0, 0, 0, 0, 0, 0, 0, 0, 0, 97, 26, 19, 142
"/Users/lucasgaldine/Desktop/AI Agency/LeadSig/remix-of-leadsig-crm/supabase/migrations/20260210175632_transfer_client_share_token_on_conversion.sql", "MS SQL", 0, 0, 0, 0, 0, 0, 0, 0, 0, 87, 15, 19, 121
"/Users/lucasgaldine/Desktop/AI Agency/LeadSig/remix-of-leadsig-crm/supabase/migrations/20260210181017_add_stripe_invoice_fields_to_invoices.sql", "MS SQL", 0, 0, 0, 0, 0, 0, 0, 0, 0, 15, 12, 3, 30
"/Users/lucasgaldine/Desktop/AI Agency/LeadSig/remix-of-leadsig-crm/supabase/migrations/20260210181404_fix_account_members_view_add_id_column.sql", "MS SQL", 0, 0, 0, 0, 0, 0, 0, 0, 0, 17, 12, 3, 32
"/Users/lucasgaldine/Desktop/AI Agency/LeadSig/remix-of-leadsig-crm/supabase/migrations/20260210193229_add_tax_rate_to_accounts.sql", "MS SQL", 0, 0, 0, 0, 0, 0, 0, 0, 0, 9, 11, 2, 22
"/Users/lucasgaldine/Desktop/AI Agency/LeadSig/remix-of-leadsig-crm/supabase/migrations/20260210195427_add_job_checklist_items.sql", "MS SQL", 0, 0, 0, 0, 0, 0, 0, 0, 0, 121, 30, 17, 168
"/Users/lucasgaldine/Desktop/AI Agency/LeadSig/remix-of-leadsig-crm/supabase/migrations/20260210200646_add_upload_before_photos_checklist_item.sql", "MS SQL", 0, 0, 0, 0, 0, 0, 0, 0, 0, 20, 11, 4, 35
"/Users/lucasgaldine/Desktop/AI Agency/LeadSig/remix-of-leadsig-crm/supabase/migrations/20260210202753_fix_auto_conversion_for_completed_estimate_visits.sql", "MS SQL", 0, 0, 0, 0, 0, 0, 0, 0, 0, 120, 18, 24, 162
"/Users/lucasgaldine/Desktop/AI Agency/LeadSig/remix-of-leadsig-crm/supabase/migrations/20260210202955_revert_auto_complete_skip_for_estimate_visits.sql", "MS SQL", 0, 0, 0, 0, 0, 0, 0, 0, 0, 26, 15, 5, 46
"/Users/lucasgaldine/Desktop/AI Agency/LeadSig/remix-of-leadsig-crm/supabase/migrations/20260211011816_add_recurring_jobs_table.sql", "MS SQL", 0, 0, 0, 0, 0, 0, 0, 0, 0, 85, 38, 10, 133
"/Users/lucasgaldine/Desktop/AI Agency/LeadSig/remix-of-leadsig-crm/supabase/migrations/20260211013830_add_preferred_schedule_days_to_recurring_jobs.sql", "MS SQL", 0, 0, 0, 0, 0, 0, 0, 0, 0, 18, 12, 3, 33
"/Users/lucasgaldine/Desktop/AI Agency/LeadSig/remix-of-leadsig-crm/supabase/migrations/20260211020837_add_job_schedule_quote_and_shared_portal.sql", "MS SQL", 0, 0, 0, 0, 0, 0, 0, 0, 0, 82, 34, 13, 129
"/Users/lucasgaldine/Desktop/AI Agency/LeadSig/remix-of-leadsig-crm/supabase/migrations/20260214173143_add_lost_and_archived_statuses.sql", "MS SQL", 0, 0, 0, 0, 0, 0, 0, 0, 0, 2, 12, 2, 16
"/Users/lucasgaldine/Desktop/AI Agency/LeadSig/remix-of-leadsig-crm/supabase/migrations/20260214174757_fix_fk_indexes_rls_performance_and_cleanup.sql", "MS SQL", 0, 0, 0, 0, 0, 0, 0, 0, 0, 287, 43, 21, 351
"/Users/lucasgaldine/Desktop/AI Agency/LeadSig/remix-of-leadsig-crm/supabase/migrations/20260214175355_fix_security_issues_indexes_policies_view.sql", "MS SQL", 0, 0, 0, 0, 0, 0, 0, 0, 0, 71, 27, 9, 107
"/Users/lucasgaldine/Desktop/AI Agency/LeadSig/remix-of-leadsig-crm/supabase/migrations/temp_migration.sql", "MS SQL", 0, 0, 0, 0, 0, 0, 0, 0, 0, 789, 722, 704, 2215
"/Users/lucasgaldine/Desktop/AI Agency/LeadSig/remix-of-leadsig-crm/tailwind.config.ts", "TypeScript", 0, 90, 0, 0, 0, 0, 0, 0, 0, 0, 0, 2, 92
"/Users/lucasgaldine/Desktop/AI Agency/LeadSig/remix-of-leadsig-crm/tsconfig.app.json", "JSON", 0, 0, 0, 0, 0, 26, 0, 0, 0, 0, 2, 4, 32
"/Users/lucasgaldine/Desktop/AI Agency/LeadSig/remix-of-leadsig-crm/tsconfig.json", "JSON with Comments", 0, 0, 0, 0, 16, 0, 0, 0, 0, 0, 0, 1, 17
"/Users/lucasgaldine/Desktop/AI Agency/LeadSig/remix-of-leadsig-crm/tsconfig.node.json", "JSON", 0, 0, 0, 0, 0, 18, 0, 0, 0, 0, 2, 3, 23
"/Users/lucasgaldine/Desktop/AI Agency/LeadSig/remix-of-leadsig-crm/vite.config.ts", "TypeScript", 0, 18, 0, 0, 0, 0, 0, 0, 0, 0, 1, 2, 21
"/Users/lucasgaldine/Desktop/AI Agency/LeadSig/remix-of-leadsig-crm/vitest.config.ts", "TypeScript", 0, 15, 0, 0, 0, 0, 0, 0, 0, 0, 0, 2, 17
"Total", "-", 28168, 9231, 208, 31, 16, 8323, 45, 41, 1, 9784, 4723, 7084, 67655